<Ui xsi:schemaLocation="http://www.blizzard.com/wow/ui/
..\FrameXML\UI.xsd">
  <Include file="Template.xml" />
  <Script file="BrowseItem.lua" />
  <Script file="MemberDisplay.lua" />
  <Script file="SummaryGrid.lua" />
  <Script file="OperationGrid.lua" />
  <Script file="RoleItem.lua" />
  <Script file="RefreshButton.lua" />
  <Script file="ApplicantItem.lua" />
  <Script file="Button.lua" />
  <Script file="MallCategoryItem.lua" />
  <Script file="MallItem.lua" />
  <Script file="Cover.lua" />
  <Script file="BossCheckBox.lua" />
  <Script file="LotteryItem.lua" />
  <Script file="ActivitiesTabItem.lua" />
  <Script file="InputDialog.lua" />
  <Script file="SpamWordItem.lua" />
  <Script file="EditDialog.lua" />
</Ui>
